{"user/mode": "user", "user/angle": 0.0, "cam/image_array": "2360_flipped.jpg", "user/throttle": 0.10825525681325725, "milliseconds": 231511, "history/user/mode": ["user", "user", "user", "user", "user", "user", "user", "user", "user", "user", "user", "user", "user", "user", "user", "user", "user", "user", "user", "user", "user", "user", "user", "user", "user", "user", "user", "user", "user", "user", "user", "user", "user", "user", "user", "user", "user", "user", "user", "user", "user", "user", "user", "user", "user", "user", "user", "user", "user", "user"], "history/user/angle": [0.0, 0.0, 0.0, 0.0, 0.0, -0.5773186437574389, -1.0, -0.6494949186681722, 0.0, 0.0, 0.0, -0.8866237372966704, -0.7732169560838649, -0.18555253761406293, 0.0, -0.3814508499404889, -1.0, -1.0, -1.0, -1.0, -1.0, -0.9587694936979277, -0.19586779381695, 0.0, -0.3608203375347148, -1.0, -1.0, -1.0, -1.0, -0.18555253761406293, 0.0, 0.0, -0.18555253761406293, -0.46391186254463335, -0.12369151890621662, 0.0, 0.0, 0.0, 0.0, -0.04123050630207221, -0.3608203375347148, -0.2989593188268685, 0.0, 0.0, -0.28864406262398146, -0.6391796624652852, -0.7422711874752037, -0.20618305001983703, 0.0, 0.0], "history/cam/image_array": ["2311_cam-image_array_.jpg", "2312_cam-image_array_.jpg", "2313_cam-image_array_.jpg", "2314_cam-image_array_.jpg", "2315_cam-image_array_.jpg", "2316_cam-image_array_.jpg", "2317_cam-image_array_.jpg", "2318_cam-image_array_.jpg", "2319_cam-image_array_.jpg", "2320_cam-image_array_.jpg", "2321_cam-image_array_.jpg", "2322_cam-image_array_.jpg", "2323_cam-image_array_.jpg", "2324_cam-image_array_.jpg", "2325_cam-image_array_.jpg", "2326_cam-image_array_.jpg", "2327_cam-image_array_.jpg", "2328_cam-image_array_.jpg", "2329_cam-image_array_.jpg", "2330_cam-image_array_.jpg", "2331_cam-image_array_.jpg", "2332_cam-image_array_.jpg", "2333_cam-image_array_.jpg", "2334_cam-image_array_.jpg", "2335_cam-image_array_.jpg", "2336_cam-image_array_.jpg", "2337_cam-image_array_.jpg", "2338_cam-image_array_.jpg", "2339_cam-image_array_.jpg", "2340_cam-image_array_.jpg", "2341_cam-image_array_.jpg", "2342_cam-image_array_.jpg", "2343_cam-image_array_.jpg", "2344_cam-image_array_.jpg", "2345_cam-image_array_.jpg", "2346_cam-image_array_.jpg", "2347_cam-image_array_.jpg", "2348_cam-image_array_.jpg", "2349_cam-image_array_.jpg", "2350_cam-image_array_.jpg", "2351_cam-image_array_.jpg", "2352_cam-image_array_.jpg", "2353_cam-image_array_.jpg", "2354_cam-image_array_.jpg", "2355_cam-image_array_.jpg", "2356_cam-image_array_.jpg", "2357_cam-image_array_.jpg", "2358_cam-image_array_.jpg", "2359_cam-image_array_.jpg", "2360_cam-image_array_.jpg"], "history/user/throttle": [0.22887966551713612, 0.16393017365031892, 0.145371868037965, 0.17629932554094055, 0.19176305429242838, 0.12990813928647724, 0.08969695120090335, 0.3, 0.3, 0.2938291573839534, 0.2752708517715995, 0.24434339426862392, 0.25052339243751337, 0.25361796929837943, 0.25052339243751337, 0.25361796929837943, 0.25361796929837943, 0.25052339243751337, 0.22269051179540392, 0.22269051179540392, 0.1824884792626728, 0.16393017365031892, 0.0804223761711478, 0.03711661122470778, 0.024747459334086123, 0.049494918668172246, 0.145371868037965, 0.20413220618305, 0.20413220618305, 0.17011017181920834, 0.15464644306772057, 0.1577410199285867, 0.21959593493453777, 0.28454542680135503, 0.2876400036622211, 0.2876400036622211, 0.3, 0.3, 0.3, 0.3, 0.3, 0.3, 0.28146000549333167, 0.24743797112949, 0.21032135990478223, 0.16701559495834226, 0.13608813745536666, 0.13608813745536666, 0.13300271614734335, 0.10825525681325725], "history/milliseconds": [228992, 229042, 229092, 229142, 229192, 229242, 229394, 229406, 229456, 229506, 229558, 229607, 229656, 229707, 229757, 229807, 229857, 229907, 229957, 230008, 230058, 230108, 230158, 230208, 230258, 230308, 230358, 230408, 230459, 230509, 230559, 230609, 230659, 230710, 230759, 230810, 230859, 230910, 230960, 231010, 231060, 231110, 231160, 231210, 231260, 231310, 231361, 231411, 231461, 231511]}