{"user/mode": "user", "user/angle": 1.0, "cam/image_array": "2261_history.jpg", "user/throttle": 0.22578508865627003, "milliseconds": 214171, "history/user/mode": ["user", "user", "user", "user", "user", "user", "user", "user", "user", "user", "user", "user", "user", "user", "user", "user", "user", "user", "user", "user", "user", "user", "user", "user", "user", "user", "user", "user", "user", "user", "user", "user", "user", "user", "user", "user", "user", "user", "user", "user", "user", "user", "user", "user", "user", "user", "user", "user", "user", "user"], "history/user/angle": [0.6700949125644704, 1.0, 1.0, 1.0, 0.5876338999603259, 0.0, 0.0, 0.0, -0.09280678731650746, -0.7732474745933409, -0.09280678731650746, 0.0, 0.0, 0.0, 0.0, 0.0, -0.9175695059053316, -0.8350779747917112, 0.0, 0.17523728141117587, 0.0, 0.0, 0.0, 0.9484542374950408, 1.0, 0.5566881313516648, 0.0, 0.0, 0.0, 0.0, -0.13403729361857966, -0.5154881435590686, 0.0, 0.0, 0.0, 0.0, 0.0, -0.15466780602435376, -0.7423017059846797, -0.5773491622669149, -0.6804406872768334, 0.0, 0.0, 0.0, 0.0, 0.2783288064210944, 0.6907254249702445, 1.0, 1.0, 1.0], "history/cam/image_array": ["2212_cam-image_array_.jpg", "2213_cam-image_array_.jpg", "2214_cam-image_array_.jpg", "2215_cam-image_array_.jpg", "2216_cam-image_array_.jpg", "2217_cam-image_array_.jpg", "2218_cam-image_array_.jpg", "2219_cam-image_array_.jpg", "2220_cam-image_array_.jpg", "2221_cam-image_array_.jpg", "2222_cam-image_array_.jpg", "2223_cam-image_array_.jpg", "2224_cam-image_array_.jpg", "2225_cam-image_array_.jpg", "2226_cam-image_array_.jpg", "2227_cam-image_array_.jpg", "2228_cam-image_array_.jpg", "2229_cam-image_array_.jpg", "2230_cam-image_array_.jpg", "2231_cam-image_array_.jpg", "2232_cam-image_array_.jpg", "2233_cam-image_array_.jpg", "2234_cam-image_array_.jpg", "2235_cam-image_array_.jpg", "2236_cam-image_array_.jpg", "2237_cam-image_array_.jpg", "2238_cam-image_array_.jpg", "2239_cam-image_array_.jpg", "2240_cam-image_array_.jpg", "2241_cam-image_array_.jpg", "2242_cam-image_array_.jpg", "2243_cam-image_array_.jpg", "2244_cam-image_array_.jpg", "2245_cam-image_array_.jpg", "2246_cam-image_array_.jpg", "2247_cam-image_array_.jpg", "2248_cam-image_array_.jpg", "2249_cam-image_array_.jpg", "2250_cam-image_array_.jpg", "2251_cam-image_array_.jpg", "2252_cam-image_array_.jpg", "2253_cam-image_array_.jpg", "2254_cam-image_array_.jpg", "2255_cam-image_array_.jpg", "2256_cam-image_array_.jpg", "2257_cam-image_array_.jpg", "2258_cam-image_array_.jpg", "2259_cam-image_array_.jpg", "2260_cam-image_array_.jpg", "2261_cam-image_array_.jpg"], "history/user/throttle": [0.21341593676564835, 0.20722678304391615, 0.21032135990478223, 0.20722678304391615, 0.20722678304391615, 0.21032135990478223, 0.21032135990478223, 0.21032135990478223, 0.25671254615924555, 0.3, 0.2783654286324656, 0.22887966551713612, 0.22887966551713612, 0.22887966551713612, 0.22887966551713612, 0.23197424237800224, 0.22887966551713612, 0.16701559495834226, 0.07732779931028168, 0.13300271614734335, 0.3, 0.21959593493453777, 0.13608813745536666, 0.12681356242561112, 0.12681356242561112, 0.09588610492263558, 0.05876949369792779, 0.28454542680135503, 0.2876400036622211, 0.20413220618305, 0.17629932554094055, 0.1824884792626728, 0.1824884792626728, 0.1824884792626728, 0.18557390057069612, 0.23197424237800224, 0.3, 0.3, 0.3, 0.3, 0.3, 0.29073458052308726, 0.2752708517715995, 0.2629016998809778, 0.24434339426862392, 0.2165105136265145, 0.21959593493453777, 0.21959593493453777, 0.22269051179540392, 0.22578508865627003], "history/milliseconds": [211206, 211256, 211306, 211356, 211406, 211456, 211506, 211556, 211606, 211657, 211706, 211757, 211807, 211857, 211907, 211958, 212008, 212058, 212108, 212559, 212609, 212659, 212710, 212759, 212810, 212859, 213010, 213060, 213110, 213160, 213210, 213260, 213311, 213361, 213411, 213461, 213511, 213607, 213620, 213670, 213720, 213770, 213820, 213870, 213920, 213970, 214020, 214070, 214120, 214171]}