{"user/mode": "user", "user/angle": 0.7629322183904538, "cam/image_array": "1657_bright.jpg", "user/throttle": 0.24743797112949, "milliseconds": 180483, "history/user/mode": ["user", "user", "user", "user", "user", "user", "user", "user", "user", "user", "user", "user", "user", "user", "user", "user", "user", "user", "user", "user", "user", "user", "user", "user", "user", "user", "user", "user", "user", "user", "user", "user", "user", "user", "user", "user", "user", "user", "user", "user", "user", "user", "user", "user", "user", "user", "user", "user", "user", "user"], "history/user/angle": [0.0, 0.0, 0.0, 0.0, 0.0, 0.0, 0.0, 0.0, 0.0, -0.7422711874752037, -1.0, -1.0, -0.5566881313516648, 0.0, 0.0, 0.0, 0.0, 0.22681356242561113, 0.9691152684102908, 1.0, 1.0, 1.0, 1.0, 1.0, 0.9897457808160649, 0.0, 0.0, 0.0, -0.05154576250495926, -0.80413220618305, -0.6082644123661001, 0.0, 0.0, 0.0, 0.0, -0.6598101748710593, -1.0, -1.0, -1.0, -0.3092745750297555, -0.3401898251289407, -0.5154576250495926, -0.8969084749900815, -0.3608203375347148, 0.0, 0.0, 0.0, 0.11340678121280556, 0.6495254371776482, 0.7629322183904538], "history/cam/image_array": ["1608_cam-image_array_.jpg", "1609_cam-image_array_.jpg", "1610_cam-image_array_.jpg", "1611_cam-image_array_.jpg", "1612_cam-image_array_.jpg", "1613_cam-image_array_.jpg", "1614_cam-image_array_.jpg", "1615_cam-image_array_.jpg", "1616_cam-image_array_.jpg", "1617_cam-image_array_.jpg", "1618_cam-image_array_.jpg", "1619_cam-image_array_.jpg", "1620_cam-image_array_.jpg", "1621_cam-image_array_.jpg", "1622_cam-image_array_.jpg", "1623_cam-image_array_.jpg", "1624_cam-image_array_.jpg", "1625_cam-image_array_.jpg", "1626_cam-image_array_.jpg", "1627_cam-image_array_.jpg", "1628_cam-image_array_.jpg", "1629_cam-image_array_.jpg", "1630_cam-image_array_.jpg", "1631_cam-image_array_.jpg", "1632_cam-image_array_.jpg", "1633_cam-image_array_.jpg", "1634_cam-image_array_.jpg", "1635_cam-image_array_.jpg", "1636_cam-image_array_.jpg", "1637_cam-image_array_.jpg", "1638_cam-image_array_.jpg", "1639_cam-image_array_.jpg", "1640_cam-image_array_.jpg", "1641_cam-image_array_.jpg", "1642_cam-image_array_.jpg", "1643_cam-image_array_.jpg", "1644_cam-image_array_.jpg", "1645_cam-image_array_.jpg", "1646_cam-image_array_.jpg", "1647_cam-image_array_.jpg", "1648_cam-image_array_.jpg", "1649_cam-image_array_.jpg", "1650_cam-image_array_.jpg", "1651_cam-image_array_.jpg", "1652_cam-image_array_.jpg", "1653_cam-image_array_.jpg", "1654_cam-image_array_.jpg", "1655_cam-image_array_.jpg", "1656_cam-image_array_.jpg", "1657_cam-image_array_.jpg"], "history/user/throttle": [0.1391827143162328, 0.1391827143162328, 0.19795220801416058, 0.25361796929837943, 0.2876400036622211, 0.28454542680135503, 0.2876400036622211, 0.29692373424481944, 0.28146000549333167, 0.21032135990478223, 0.18557390057069612, 0.16701559495834226, 0.16393017365031892, 0.11752983184301279, 0.22887966551713612, 0.22887966551713612, 0.23197424237800224, 0.3, 0.3, 0.3, 0.2938291573839534, 0.23815424054689166, 0.22269051179540392, 0.11444441053498947, 0.09588610492263558, 0.08660237434003723, 0.0804223761711478, 0.08969695120090335, 0.12990813928647724, 0.25671254615924555, 0.2721762749107333, 0.26908169804986726, 0.26908169804986726, 0.2659962767418439, 0.23815424054689166, 0.2165105136265145, 0.2165105136265145, 0.22578508865627003, 0.23197424237800224, 0.22578508865627003, 0.21032135990478223, 0.17629932554094055, 0.13608813745536666, 0.13608813745536666, 0.1391827143162328, 0.1391827143162328, 0.1391827143162328, 0.1391827143162328, 0.18557390057069612, 0.24743797112949], "history/milliseconds": [177624, 177674, 177724, 177775, 177825, 177875, 177925, 177975, 178025, 178075, 178126, 178176, 178226, 178716, 178728, 178778, 178828, 178879, 178929, 178979, 179029, 179079, 179130, 179179, 179230, 179279, 179330, 179380, 179430, 179480, 179530, 179580, 179631, 179681, 179731, 179781, 179831, 179881, 179932, 179982, 180032, 180082, 180132, 180182, 180232, 180282, 180332, 180383, 180433, 180483]}